date,start_station_id,start_station_name,n_trips,avg_trip_duration_min,median_trip_duration_min,n_member,n_casual,share_member,share_casual,prev_n_trips,delta_n_trips,delta_n_trips_pct,n_trips_7day_avg
2024-01-01,HB101,Hoboken Terminal - Hudson St & Hudson Pl,32,7.080729166666666,6.566666666666666,17,15,0.53125,0.46875,,,,32.0
2024-01-01,HB102,Hoboken Terminal - River St & Hudson Pl,75,11.722666666666669,8.116666666666667,37,38,0.49333333333333335,0.5066666666666667,,,,75.0
2024-01-01,HB103,South Waterfront Walkway - Sinatra Dr & 1 St,31,15.548387096774194,11.716666666666667,14,17,0.45161290322580644,0.5483870967741935,,,,31.0
2024-01-01,HB105,City Hall - Washington St & 1 St,40,7.110416666666664,5.583333333333333,29,11,0.725,0.275,,,,40.0
2024-01-01,HB201,12 St & Sinatra Dr N,22,13.28030303030303,8.75,14,8,0.6363636363636364,0.36363636363636365,,,,22.0
2024-01-01,HB202,14 St Ferry - 14 St & Shipyard Ln,24,10.24236111111111,8.183333333333334,14,10,0.5833333333333334,0.4166666666666667,,,,24.0
2024-01-01,HB203,Bloomfield St & 15 St,17,15.698039215686276,15.8,8,9,0.47058823529411764,0.5294117647058824,,,,17.0
2024-01-01,HB301,4 St & Grand St,9,4.257407407407408,4.716666666666667,4,5,0.4444444444444444,0.5555555555555556,,,,9.0
2024-01-01,HB302,6 St & Grand St,15,7.888888888888888,5.65,10,5,0.6666666666666666,0.3333333333333333,,,,15.0
2024-01-01,HB303,Clinton St & 7 St,22,5.986363636363635,4.766666666666667,17,5,0.7727272727272727,0.22727272727272727,,,,22.0
2024-01-01,HB304,7 St & Monroe St,10,14.703333333333333,6.883333333333334,2,8,0.2,0.8,,,,10.0
2024-01-01,HB305,9 St HBLR - Jackson St & 8 St,23,6.744202898550724,6.366666666666666,13,10,0.5652173913043478,0.43478260869565216,,,,23.0
2024-01-01,HB401,Southwest Park - Jackson St & Observer Hwy,11,6.1909090909090905,6.366666666666666,9,2,0.8181818181818182,0.18181818181818182,,,,11.0
2024-01-01,HB402,Madison St & 1 St,25,14.688666666666663,7.216666666666667,9,16,0.36,0.64,,,,25.0
2024-01-01,HB404,Mama Johnson Field - 4 St & Jackson St,14,5.536904761904763,4.75,10,4,0.7142857142857143,0.2857142857142857,,,,14.0
2024-01-01,HB407,Adams St & 2 St,20,6.538333333333332,4.316666666666666,13,7,0.65,0.35,,,,20.0
2024-01-01,HB408,Marshall St & 2 St,21,11.952380952380949,4.716666666666667,16,5,0.7619047619047619,0.23809523809523808,,,,21.0
2024-01-01,HB409,Clinton St & Newark St,21,15.88809523809524,5.883333333333334,12,9,0.5714285714285714,0.42857142857142855,,,,21.0
2024-01-01,HB501,Columbus Park - Clinton St & 9 St,25,7.244666666666667,5.866666666666666,15,10,0.6,0.4,,,,25.0
2024-01-01,HB502,11 St & Washington St,36,7.717592592592592,5.0,24,12,0.6666666666666666,0.3333333333333333,,,,36.0
2024-01-01,HB503,Madison St & 10 St,14,5.429761904761905,5.266666666666667,13,1,0.9285714285714286,0.07142857142857142,,,,14.0
2024-01-01,HB505,Willow Ave & 12 St,13,9.99102564102564,6.316666666666666,9,4,0.6923076923076923,0.3076923076923077,,,,13.0
2024-01-01,HB506,Grand St & 14 St,19,10.632456140350877,10.133333333333333,14,5,0.7368421052631579,0.2631578947368421,,,,19.0
2024-01-01,HB601,Church Sq Park - 5 St & Park Ave,17,5.555882352941175,5.016666666666667,9,8,0.5294117647058824,0.47058823529411764,,,,17.0
2024-01-01,HB602,Stevens - River Ter & 6 St,7,7.8999999999999995,3.9833333333333334,6,1,0.8571428571428571,0.14285714285714285,,,,7.0
2024-01-01,HB603,8 St & Washington St,24,14.085416666666665,4.083333333333333,18,6,0.75,0.25,,,,24.0
2024-01-01,HB608,2 St & Park Ave,16,10.825000000000001,7.016666666666667,10,6,0.625,0.375,,,,16.0
2024-01-01,HB609,River St & 1 St,29,10.113793103448279,5.916666666666667,17,12,0.5862068965517241,0.41379310344827586,,,,29.0
2024-01-01,HB610,Adams St & 12 St,4,6.604166666666667,6.766666666666667,2,2,0.5,0.5,,,,4.0
2024-01-01,HB611,4 St & River St,24,10.402777777777777,7.983333333333333,11,13,0.4583333333333333,0.5416666666666666,,,,24.0
2024-01-01,JC002,Paulus Hook,7,9.152380952380952,6.066666666666666,7,0,1.0,0.0,,,,7.0
2024-01-01,JC003,City Hall,32,7.644270833333333,2.7,22,10,0.6875,0.3125,,,,32.0
2024-01-01,JC006,Warren St,26,16.54423076923077,7.516666666666667,18,8,0.6923076923076923,0.3076923076923077,,,,26.0
2024-01-01,JC008,Newport Pkwy,36,16.852777777777774,9.216666666666667,24,12,0.6666666666666666,0.3333333333333333,,,,36.0
2024-01-01,JC009,Hamilton Park,19,7.386842105263156,6.25,16,3,0.8421052631578947,0.15789473684210525,,,,19.0
2024-01-01,JC013,Marin Light Rail,18,29.90370370370371,11.0,11,7,0.6111111111111112,0.3888888888888889,,,,18.0
2024-01-01,JC014,Columbus Drive,24,17.40069444444445,6.266666666666667,21,3,0.875,0.125,,,,24.0
2024-01-01,JC018,5 Corners Library,4,10.275,4.616666666666666,4,0,1.0,0.0,,,,4.0
2024-01-01,JC019,Hilltop,5,16.349999999999998,12.7,2,3,0.4,0.6,,,,5.0
2024-01-01,JC020,Baldwin at Montgomery,16,9.997916666666665,6.066666666666666,14,2,0.875,0.125,,,,16.0
2024-01-01,JC022,Oakland Ave,10,17.13,10.066666666666666,5,5,0.5,0.5,,,,10.0
2024-01-01,JC023,Brunswick St,3,4.8388888888888895,3.8666666666666667,2,1,0.6666666666666666,0.3333333333333333,,,,3.0
2024-01-01,JC024,Pershing Field,6,7.938888888888889,7.033333333333333,4,2,0.6666666666666666,0.3333333333333333,,,,6.0
2024-01-01,JC027,Jersey & 6th St,8,12.070833333333331,4.9,7,1,0.875,0.125,,,,8.0
2024-01-01,JC032,Newark Ave,21,13.985714285714291,9.1,17,4,0.8095238095238095,0.19047619047619047,,,,21.0
2024-01-01,JC034,Christ Hospital,3,9.105555555555556,9.833333333333334,2,1,0.6666666666666666,0.3333333333333333,,,,3.0
2024-01-01,JC035,Van Vorst Park,19,17.764035087719297,5.6,11,8,0.5789473684210527,0.42105263157894735,,,,19.0
2024-01-01,JC038,Essex Light Rail,13,18.105128205128203,5.2,8,5,0.6153846153846154,0.38461538461538464,,,,13.0
2024-01-01,JC051,Union St,3,11.283333333333333,11.566666666666666,1,2,0.3333333333333333,0.6666666666666666,,,,3.0
2024-01-01,JC052,Liberty Light Rail,14,19.586904761904755,13.016666666666667,6,8,0.42857142857142855,0.5714285714285714,,,,14.0
2024-01-01,JC053,Lincoln Park,6,18.76111111111111,14.333333333333334,5,1,0.8333333333333334,0.16666666666666666,,,,6.0
2024-01-01,JC055,McGinley Square,12,10.4125,10.266666666666667,8,4,0.6666666666666666,0.3333333333333333,,,,12.0
2024-01-01,JC057,Riverview Park,4,7.954166666666667,5.8,4,0,1.0,0.0,,,,4.0
2024-01-01,JC059,Heights Elevator,2,11.241666666666667,10.65,1,1,0.5,0.5,,,,2.0
2024-01-01,JC063,Jackson Square,5,48.45666666666666,11.55,4,1,0.8,0.2,,,,5.0
2024-01-01,JC065,Dey St,2,5.383333333333333,5.1,2,0,1.0,0.0,,,,2.0
2024-01-01,JC066,Newport PATH,23,10.716666666666667,8.116666666666667,20,3,0.8695652173913043,0.13043478260869565,,,,23.0
2024-01-01,JC072,Morris Canal,13,5.8128205128205135,4.35,12,1,0.9230769230769231,0.07692307692307693,,,,13.0
2024-01-01,JC074,Jersey & 3rd,11,7.781818181818181,7.1,7,4,0.6363636363636364,0.36363636363636365,,,,11.0
2024-01-01,JC075,Monmouth and 6th,6,6.502777777777779,4.333333333333333,5,1,0.8333333333333334,0.16666666666666666,,,,6.0
2024-01-01,JC076,Dixon Mills,13,6.274358974358975,6.433333333333334,9,4,0.6923076923076923,0.3076923076923077,,,,13.0
2024-01-01,JC077,Astor Place,4,16.491666666666667,4.733333333333333,4,0,1.0,0.0,,,,4.0
2024-01-01,JC078,Lafayette Park,10,26.388333333333332,7.8,5,5,0.5,0.5,,,,10.0
2024-01-01,JC080,Leonard Gordon Park,6,8.902777777777777,7.816666666666666,5,1,0.8333333333333334,0.16666666666666666,,,,6.0
2024-01-01,JC081,Brunswick & 6th,6,5.625,5.133333333333334,5,1,0.8333333333333334,0.16666666666666666,,,,6.0
2024-01-01,JC082,Manila & 1st,16,6.083333333333333,4.55,13,3,0.8125,0.1875,,,,16.0
2024-01-01,JC084,Communipaw & Berry Lane,4,9.212499999999999,7.05,3,1,0.75,0.25,,,,4.0
2024-01-01,JC093,Fairmount Ave,18,4.258333333333335,3.3666666666666667,13,5,0.7222222222222222,0.2777777777777778,,,,18.0
2024-01-01,JC094,Glenwood Ave,4,7.695833333333335,4.166666666666667,3,1,0.75,0.25,,,,4.0
2024-01-01,JC095,Bergen Ave,7,9.642857142857142,7.083333333333333,3,4,0.42857142857142855,0.5714285714285714,,,,7.0
2024-01-01,JC098,Washington St,24,12.063888888888892,10.35,16,8,0.6666666666666666,0.3333333333333333,,,,24.0
2024-01-01,JC099,Montgomery St,15,12.945555555555554,8.266666666666667,10,5,0.6666666666666666,0.3333333333333333,,,,15.0
2024-01-01,JC102,Grand St,17,10.050980392156863,5.033333333333333,12,5,0.7058823529411765,0.29411764705882354,,,,17.0
2024-01-01,JC103,Journal Square,15,6.614444444444445,4.2,14,1,0.9333333333333333,0.06666666666666667,,,,15.0
2024-01-01,JC104,Harborside,26,11.33846153846154,10.116666666666667,15,11,0.5769230769230769,0.4230769230769231,,,,26.0
2024-01-01,JC105,Hoboken Ave at Monmouth St,32,9.407291666666667,9.3,15,17,0.46875,0.53125,,,,32.0
2024-01-01,JC108,Bergen Ave & Stegman St,1,9.466666666666667,9.466666666666667,0,1,0.0,1.0,,,,1.0
2024-01-01,JC109,Bergen Ave & Sip Ave,35,7.222857142857141,4.2,26,9,0.7428571428571429,0.2571428571428571,,,,35.0
2024-01-01,JC110,JC Medical Center,17,10.897058823529413,5.733333333333333,15,2,0.8823529411764706,0.11764705882352941,,,,17.0
2024-01-01,JC115,Grove St PATH,84,9.616666666666665,5.216666666666667,67,17,0.7976190476190477,0.20238095238095238,,,,84.0
2024-01-01,JC116,Exchange Pl,42,10.796428571428567,8.383333333333333,28,14,0.6666666666666666,0.3333333333333333,,,,42.0
2024-01-02,HB101,Hoboken Terminal - Hudson St & Hudson Pl,56,5.734523809523807,5.233333333333333,46,10,0.8214285714285714,0.17857142857142858,32,24,0.75,44.0
2024-01-02,HB102,Hoboken Terminal - River St & Hudson Pl,100,6.8285000000000045,5.583333333333333,78,22,0.78,0.22,75,25,0.3333333333333333,87.5
2024-01-02,HB103,South Waterfront Walkway - Sinatra Dr & 1 St,38,8.960087719298244,8.816666666666666,24,14,0.631578947368421,0.3684210526315789,31,7,0.22580645161290322,34.5
2024-01-02,HB105,City Hall - Washington St & 1 St,47,8.036170212765956,5.733333333333333,32,15,0.6808510638297872,0.3191489361702128,40,7,0.175,43.5
2024-01-02,HB201,12 St & Sinatra Dr N,29,8.064367816091954,6.35,21,8,0.7241379310344828,0.27586206896551724,22,7,0.3181818181818182,25.5
2024-01-02,HB202,14 St Ferry - 14 St & Shipyard Ln,29,8.237931034482758,6.083333333333333,24,5,0.8275862068965517,0.1724137931034483,24,5,0.20833333333333334,26.5
2024-01-02,HB203,Bloomfield St & 15 St,31,9.98172043010753,7.933333333333334,23,8,0.7419354838709677,0.25806451612903225,17,14,0.8235294117647058,24.0
2024-01-02,HB301,4 St & Grand St,20,4.935833333333333,5.0,17,3,0.85,0.15,9,11,1.2222222222222223,14.5
2024-01-02,HB302,6 St & Grand St,13,5.160256410256411,4.866666666666666,12,1,0.9230769230769231,0.07692307692307693,15,-2,-0.13333333333333333,14.0
2024-01-02,HB303,Clinton St & 7 St,25,4.1240000000000006,4.016666666666667,23,2,0.92,0.08,22,3,0.13636363636363635,23.5
2024-01-02,HB304,7 St & Monroe St,22,7.035606060606062,5.416666666666667,20,2,0.9090909090909091,0.09090909090909091,10,12,1.2,16.0
2024-01-02,HB305,9 St HBLR - Jackson St & 8 St,22,8.728030303030302,6.583333333333333,16,6,0.7272727272727273,0.2727272727272727,23,-1,-0.043478260869565216,22.5
2024-01-02,HB401,Southwest Park - Jackson St & Observer Hwy,14,20.974999999999998,4.95,11,3,0.7857142857142857,0.21428571428571427,11,3,0.2727272727272727,12.5
2024-01-02,HB402,Madison St & 1 St,30,5.684444444444444,3.8666666666666667,21,9,0.7,0.3,25,5,0.2,27.5
2024-01-02,HB404,Mama Johnson Field - 4 St & Jackson St,17,7.31470588235294,6.0,12,5,0.7058823529411765,0.29411764705882354,14,3,0.21428571428571427,15.5
2024-01-02,HB407,Adams St & 2 St,20,4.0008333333333335,2.783333333333333,18,2,0.9,0.1,20,0,0.0,20.0
2024-01-02,HB408,Marshall St & 2 St,23,5.70072463768116,5.166666666666667,20,3,0.8695652173913043,0.13043478260869565,21,2,0.09523809523809523,22.0
2024-01-02,HB409,Clinton St & Newark St,34,5.66078431372549,5.033333333333333,29,5,0.8529411764705882,0.14705882352941177,21,13,0.6190476190476191,27.5
2024-01-02,HB501,Columbus Park - Clinton St & 9 St,29,5.378160919540231,4.566666666666666,24,5,0.8275862068965517,0.1724137931034483,25,4,0.16,27.0
2024-01-02,HB502,11 St & Washington St,36,6.163888888888889,5.283333333333333,29,7,0.8055555555555556,0.19444444444444445,36,0,0.0,36.0
2024-01-02,HB503,Madison St & 10 St,23,4.8789855072463775,4.7,19,4,0.8260869565217391,0.17391304347826086,14,9,0.6428571428571429,18.5
2024-01-02,HB505,Willow Ave & 12 St,20,6.060833333333333,4.316666666666666,16,4,0.8,0.2,13,7,0.5384615384615384,16.5
2024-01-02,HB506,Grand St & 14 St,36,10.880555555555556,5.95,26,10,0.7222222222222222,0.2777777777777778,19,17,0.8947368421052632,27.5
2024-01-02,HB601,Church Sq Park - 5 St & Park Ave,9,6.881481481481482,5.95,7,2,0.7777777777777778,0.2222222222222222,17,-8,-0.47058823529411764,13.0
2024-01-02,HB602,Stevens - River Ter & 6 St,19,7.714912280701755,3.5,16,3,0.8421052631578947,0.15789473684210525,7,12,1.7142857142857142,13.0
2024-01-02,HB603,8 St & Washington St,22,4.40681818181818,4.016666666666667,17,5,0.7727272727272727,0.22727272727272727,24,-2,-0.08333333333333333,23.0
2024-01-02,HB608,2 St & Park Ave,26,6.409615384615384,5.566666666666666,18,8,0.6923076923076923,0.3076923076923077,16,10,0.625,21.0
2024-01-02,HB609,River St & 1 St,50,5.496000000000001,5.05,46,4,0.92,0.08,29,21,0.7241379310344828,39.5
2024-01-02,HB610,Adams St & 12 St,14,11.565476190476193,8.183333333333334,12,2,0.8571428571428571,0.14285714285714285,4,10,2.5,9.0
2024-01-02,HB611,4 St & River St,31,5.348924731182796,4.95,22,9,0.7096774193548387,0.2903225806451613,24,7,0.2916666666666667,27.5
2024-01-02,JC002,Paulus Hook,24,5.497916666666666,3.533333333333333,22,2,0.9166666666666666,0.08333333333333333,7,17,2.4285714285714284,15.5
2024-01-02,JC003,City Hall,22,5.3977272727272725,2.9833333333333334,20,2,0.9090909090909091,0.09090909090909091,32,-10,-0.3125,27.0
2024-01-02,JC006,Warren St,24,7.795833333333333,5.233333333333333,21,3,0.875,0.125,26,-2,-0.07692307692307693,25.0
2024-01-02,JC008,Newport Pkwy,38,18.033771929824564,8.816666666666666,32,6,0.8421052631578947,0.15789473684210525,36,2,0.05555555555555555,37.0
2024-01-02,JC009,Hamilton Park,38,5.5017543859649125,4.433333333333334,30,8,0.7894736842105263,0.21052631578947367,19,19,1.0,28.5
2024-01-02,JC013,Marin Light Rail,28,4.881547619047619,3.6333333333333333,24,4,0.8571428571428571,0.14285714285714285,18,10,0.5555555555555556,23.0
2024-01-02,JC014,Columbus Drive,34,8.045588235294119,5.683333333333334,31,3,0.9117647058823529,0.08823529411764706,24,10,0.4166666666666667,29.0
2024-01-02,JC018,5 Corners Library,14,7.189285714285715,7.083333333333333,10,4,0.7142857142857143,0.2857142857142857,4,10,2.5,9.0
2024-01-02,JC019,Hilltop,6,10.75,7.566666666666666,6,0,1.0,0.0,5,1,0.2,5.5
2024-01-02,JC020,Baldwin at Montgomery,14,14.183333333333332,8.616666666666667,12,2,0.8571428571428571,0.14285714285714285,16,-2,-0.125,15.0
2024-01-02,JC022,Oakland Ave,16,4.988541666666666,3.9833333333333334,14,2,0.875,0.125,10,6,0.6,13.0
2024-01-02,JC023,Brunswick St,3,9.105555555555556,7.583333333333333,3,0,1.0,0.0,3,0,0.0,3.0
2024-01-02,JC024,Pershing Field,12,8.725,7.666666666666667,9,3,0.75,0.25,6,6,1.0,9.0
2024-01-02,JC027,Jersey & 6th St,18,4.882407407407407,3.6666666666666665,18,0,1.0,0.0,8,10,1.25,13.0
2024-01-02,JC032,Newark Ave,27,11.117283950617285,6.283333333333333,24,3,0.8888888888888888,0.1111111111111111,21,6,0.2857142857142857,24.0
2024-01-02,JC034,Christ Hospital,11,8.596969696969698,7.233333333333333,10,1,0.9090909090909091,0.09090909090909091,3,8,2.6666666666666665,7.0
2024-01-02,JC035,Van Vorst Park,24,6.985416666666667,4.3,24,0,1.0,0.0,19,5,0.2631578947368421,21.5
2024-01-02,JC038,Essex Light Rail,11,5.75909090909091,5.166666666666667,10,1,0.9090909090909091,0.09090909090909091,13,-2,-0.15384615384615385,12.0
2024-01-02,JC051,Union St,3,11.916666666666666,9.683333333333334,3,0,1.0,0.0,3,0,0.0,3.0
2024-01-02,JC052,Liberty Light Rail,30,8.12611111111111,7.1,28,2,0.9333333333333333,0.06666666666666667,14,16,1.1428571428571428,22.0
2024-01-02,JC053,Lincoln Park,5,9.213333333333333,11.166666666666666,4,1,0.8,0.2,6,-1,-0.16666666666666666,5.5
2024-01-02,JC055,McGinley Square,21,6.625396825396827,6.133333333333334,18,3,0.8571428571428571,0.14285714285714285,12,9,0.75,16.5
2024-01-02,JC057,Riverview Park,11,9.256060606060608,7.383333333333334,9,2,0.8181818181818182,0.18181818181818182,4,7,1.75,7.5
2024-01-02,JC059,Heights Elevator,4,18.804166666666667,10.1,4,0,1.0,0.0,2,2,1.0,3.0
2024-01-02,JC063,Jackson Square,8,15.752083333333333,15.516666666666667,8,0,1.0,0.0,5,3,0.6,6.5
2024-01-02,JC065,Dey St,6,5.1194444444444445,4.266666666666667,6,0,1.0,0.0,2,4,2.0,4.0
2024-01-02,JC066,Newport PATH,54,9.378703703703705,6.3,46,8,0.8518518518518519,0.14814814814814814,23,31,1.3478260869565217,38.5
2024-01-02,JC072,Morris Canal,22,5.490151515151516,3.933333333333333,20,2,0.9090909090909091,0.09090909090909091,13,9,0.6923076923076923,17.5
2024-01-02,JC074,Jersey & 3rd,21,4.873015873015873,3.5,21,0,1.0,0.0,11,10,0.9090909090909091,16.0
2024-01-02,JC075,Monmouth and 6th,11,4.539393939393939,4.166666666666667,10,1,0.9090909090909091,0.09090909090909091,6,5,0.8333333333333334,8.5
2024-01-02,JC076,Dixon Mills,13,7.207692307692308,4.316666666666666,12,1,0.9230769230769231,0.07692307692307693,13,0,0.0,13.0
2024-01-02,JC077,Astor Place,9,22.598148148148148,8.033333333333333,7,2,0.7777777777777778,0.2222222222222222,4,5,1.25,6.5
2024-01-02,JC078,Lafayette Park,22,7.410606060606062,6.983333333333333,20,2,0.9090909090909091,0.09090909090909091,10,12,1.2,16.0
2024-01-02,JC080,Leonard Gordon Park,12,8.786111111111111,7.166666666666667,11,1,0.9166666666666666,0.08333333333333333,6,6,1.0,9.0
2024-01-02,JC081,Brunswick & 6th,17,19.66470588235294,4.3,17,0,1.0,0.0,6,11,1.8333333333333333,11.5
2024-01-02,JC082,Manila & 1st,28,7.667261904761905,4.066666666666666,25,3,0.8928571428571429,0.10714285714285714,16,12,0.75,22.0
2024-01-02,JC084,Communipaw & Berry Lane,10,7.783333333333333,6.85,9,1,0.9,0.1,4,6,1.5,7.0
2024-01-02,JC093,Fairmount Ave,15,6.150000000000001,4.533333333333333,8,7,0.5333333333333333,0.4666666666666667,18,-3,-0.16666666666666666,16.5
2024-01-02,JC094,Glenwood Ave,10,5.755000000000001,3.9166666666666665,9,1,0.9,0.1,4,6,1.5,7.0
2024-01-02,JC095,Bergen Ave,15,12.531111111111109,7.116666666666666,13,2,0.8666666666666667,0.13333333333333333,7,8,1.1428571428571428,11.0
2024-01-02,JC097,York St & Marin Blvd,7,7.892857142857143,8.366666666666667,7,0,1.0,0.0,,,,7.0
2024-01-02,JC098,Washington St,15,11.213333333333333,7.25,15,0,1.0,0.0,24,-9,-0.375,19.5
2024-01-02,JC099,Montgomery St,15,7.451111111111112,6.966666666666667,15,0,1.0,0.0,15,0,0.0,15.0
2024-01-02,JC102,Grand St,24,8.836805555555554,5.383333333333334,23,1,0.9583333333333334,0.041666666666666664,17,7,0.4117647058823529,20.5
2024-01-02,JC103,Journal Square,21,5.015079365079366,4.666666666666667,19,2,0.9047619047619048,0.09523809523809523,15,6,0.4,18.0
2024-01-02,JC104,Harborside,5,3.8166666666666673,3.9,3,2,0.6,0.4,26,-21,-0.8076923076923077,15.5
2024-01-02,JC105,Hoboken Ave at Monmouth St,27,7.819135802469135,6.2,19,8,0.7037037037037037,0.2962962962962963,32,-5,-0.15625,29.5
2024-01-02,JC109,Bergen Ave & Sip Ave,47,5.659219858156029,4.55,39,8,0.8297872340425532,0.1702127659574468,35,12,0.34285714285714286,41.0
2024-01-02,JC110,JC Medical Center,25,20.921333333333333,6.966666666666667,22,3,0.88,0.12,17,8,0.47058823529411764,21.0
2024-01-02,JC115,Grove St PATH,99,8.38821548821549,5.316666666666666,87,12,0.8787878787878788,0.12121212121212122,84,15,0.17857142857142858,91.5
2024-01-02,JC116,Exchange Pl,34,12.037745098039213,5.733333333333333,31,3,0.9117647058823529,0.08823529411764706,42,-8,-0.19047619047619047,38.0
2024-01-03,HB101,Hoboken Terminal - Hudson St & Hudson Pl,56,5.5202380952380965,4.733333333333333,50,6,0.8928571428571429,0.10714285714285714,56,0,0.0,48.0
2024-01-03,HB102,Hoboken Terminal - River St & Hudson Pl,96,6.100520833333334,5.466666666666667,78,18,0.8125,0.1875,100,-4,-0.04,90.33333333333333
2024-01-03,HB103,South Waterfront Walkway - Sinatra Dr & 1 St,37,11.904954954954954,7.333333333333333,26,11,0.7027027027027027,0.2972972972972973,38,-1,-0.02631578947368421,35.333333333333336
2024-01-03,HB105,City Hall - Washington St & 1 St,45,6.363333333333335,4.983333333333333,35,10,0.7777777777777778,0.2222222222222222,47,-2,-0.0425531914893617,44.0
2024-01-03,HB201,12 St & Sinatra Dr N,26,11.848076923076926,8.1,18,8,0.6923076923076923,0.3076923076923077,29,-3,-0.10344827586206896,25.666666666666668
2024-01-03,HB202,14 St Ferry - 14 St & Shipyard Ln,24,7.348611111111109,5.4,20,4,0.8333333333333334,0.16666666666666666,29,-5,-0.1724137931034483,25.666666666666668
2024-01-03,HB203,Bloomfield St & 15 St,21,8.39126984126984,6.65,17,4,0.8095238095238095,0.19047619047619047,31,-10,-0.3225806451612903,23.0
2024-01-03,HB301,4 St & Grand St,27,4.800617283950617,4.733333333333333,25,2,0.9259259259259259,0.07407407407407407,20,7,0.35,18.666666666666668
2024-01-03,HB302,6 St & Grand St,34,4.061764705882354,3.9166666666666665,31,3,0.9117647058823529,0.08823529411764706,13,21,1.6153846153846154,20.666666666666668
2024-01-03,HB303,Clinton St & 7 St,33,5.5964646464646455,4.566666666666666,24,9,0.7272727272727273,0.2727272727272727,25,8,0.32,26.666666666666668
2024-01-03,HB304,7 St & Monroe St,26,5.412179487179487,4.5,22,4,0.8461538461538461,0.15384615384615385,22,4,0.18181818181818182,19.333333333333332
2024-01-03,HB305,9 St HBLR - Jackson St & 8 St,32,6.947395833333334,5.033333333333333,24,8,0.75,0.25,22,10,0.45454545454545453,25.666666666666668
2024-01-03,HB401,Southwest Park - Jackson St & Observer Hwy,17,6.484313725490196,4.733333333333333,14,3,0.8235294117647058,0.17647058823529413,14,3,0.21428571428571427,14.0
2024-01-03,HB402,Madison St & 1 St,33,5.063131313131314,4.0,29,4,0.8787878787878788,0.12121212121212122,30,3,0.1,29.333333333333332
2024-01-03,HB404,Mama Johnson Field - 4 St & Jackson St,7,6.302380952380951,7.183333333333334,6,1,0.8571428571428571,0.14285714285714285,17,-10,-0.5882352941176471,12.666666666666666
2024-01-03,HB407,Adams St & 2 St,17,4.279411764705882,4.0,16,1,0.9411764705882353,0.058823529411764705,20,-3,-0.15,19.0
2024-01-03,HB408,Marshall St & 2 St,37,6.551801801801801,5.216666666666667,29,8,0.7837837837837838,0.21621621621621623,23,14,0.6086956521739131,27.0
2024-01-03,HB409,Clinton St & Newark St,29,4.80632183908046,3.6333333333333333,27,2,0.9310344827586207,0.06896551724137931,34,-5,-0.14705882352941177,28.0
2024-01-03,HB501,Columbus Park - Clinton St & 9 St,37,5.83063063063063,5.483333333333333,29,8,0.7837837837837838,0.21621621621621623,29,8,0.27586206896551724,30.333333333333332
2024-01-03,HB502,11 St & Washington St,44,6.052272727272728,5.583333333333333,31,13,0.7045454545454546,0.29545454545454547,36,8,0.2222222222222222,38.666666666666664
2024-01-03,HB503,Madison St & 10 St,19,4.811403508771931,4.0,14,5,0.7368421052631579,0.2631578947368421,23,-4,-0.17391304347826086,18.666666666666668
2024-01-03,HB505,Willow Ave & 12 St,20,6.3575,5.766666666666667,14,6,0.7,0.3,20,0,0.0,17.666666666666668
2024-01-03,HB506,Grand St & 14 St,21,9.713492063492064,8.3,19,2,0.9047619047619048,0.09523809523809523,36,-15,-0.4166666666666667,25.333333333333332
2024-01-03,HB601,Church Sq Park - 5 St & Park Ave,27,5.671604938271606,4.2,22,5,0.8148148148148148,0.18518518518518517,9,18,2.0,17.666666666666668
2024-01-03,HB602,Stevens - River Ter & 6 St,21,6.697619047619048,5.2,16,5,0.7619047619047619,0.23809523809523808,19,2,0.10526315789473684,15.666666666666666
2024-01-03,HB603,8 St & Washington St,31,5.248924731182796,4.45,23,8,0.7419354838709677,0.25806451612903225,22,9,0.4090909090909091,25.666666666666668
2024-01-03,HB608,2 St & Park Ave,14,4.144047619047619,3.7666666666666666,13,1,0.9285714285714286,0.07142857142857142,26,-12,-0.46153846153846156,18.666666666666668
2024-01-03,HB609,River St & 1 St,47,5.810992907801419,5.166666666666667,43,4,0.9148936170212766,0.0851063829787234,50,-3,-0.06,42.0
2024-01-03,HB610,Adams St & 12 St,10,4.543333333333333,3.3,9,1,0.9,0.1,14,-4,-0.2857142857142857,9.333333333333334
2024-01-03,HB611,4 St & River St,28,10.720238095238093,4.983333333333333,22,6,0.7857142857142857,0.21428571428571427,31,-3,-0.0967741935483871,27.666666666666668
2024-01-03,JC002,Paulus Hook,18,7.019444444444445,6.25,18,0,1.0,0.0,24,-6,-0.25,16.333333333333332
2024-01-03,JC003,City Hall,25,6.980000000000001,3.8333333333333335,23,2,0.92,0.08,22,3,0.13636363636363635,26.333333333333332
2024-01-03,JC006,Warren St,33,8.355555555555556,5.6,27,6,0.8181818181818182,0.18181818181818182,24,9,0.375,27.666666666666668
2024-01-03,JC008,Newport Pkwy,50,10.768999999999998,8.35,44,6,0.88,0.12,38,12,0.3157894736842105,41.333333333333336
2024-01-03,JC009,Hamilton Park,45,5.2018518518518535,4.25,42,3,0.9333333333333333,0.06666666666666667,38,7,0.18421052631578946,34.0
2024-01-03,JC013,Marin Light Rail,37,5.970270270270269,3.566666666666667,34,3,0.918918918918919,0.08108108108108109,28,9,0.32142857142857145,27.666666666666668
2024-01-03,JC014,Columbus Drive,34,8.0671568627451,5.866666666666666,31,3,0.9117647058823529,0.08823529411764706,34,0,0.0,30.666666666666668
2024-01-03,JC018,5 Corners Library,4,6.2375,6.133333333333334,1,3,0.25,0.75,14,-10,-0.7142857142857143,7.333333333333333
2024-01-03,JC019,Hilltop,12,7.083333333333335,5.383333333333334,11,1,0.9166666666666666,0.08333333333333333,6,6,1.0,7.666666666666667
2024-01-03,JC020,Baldwin at Montgomery,14,7.0440476190476184,6.3,12,2,0.8571428571428571,0.14285714285714285,14,0,0.0,14.666666666666666
2024-01-03,JC022,Oakland Ave,17,10.423529411764704,6.433333333333334,14,3,0.8235294117647058,0.17647058823529413,16,1,0.0625,14.333333333333334
2024-01-03,JC023,Brunswick St,30,6.8883333333333345,5.383333333333334,28,2,0.9333333333333333,0.06666666666666667,3,27,9.0,12.0
2024-01-03,JC024,Pershing Field,6,11.930555555555557,12.6,3,3,0.5,0.5,12,-6,-0.5,8.0
2024-01-03,JC027,Jersey & 6th St,9,4.022222222222222,3.183333333333333,9,0,1.0,0.0,18,-9,-0.5,11.666666666666666
2024-01-03,JC032,Newark Ave,29,6.899999999999999,5.45,22,7,0.7586206896551724,0.2413793103448276,27,2,0.07407407407407407,25.666666666666668
2024-01-03,JC034,Christ Hospital,12,6.697222222222223,6.366666666666666,10,2,0.8333333333333334,0.16666666666666666,11,1,0.09090909090909091,8.666666666666666
2024-01-03,JC035,Van Vorst Park,23,5.884057971014493,3.85,22,1,0.9565217391304348,0.043478260869565216,24,-1,-0.041666666666666664,22.0
2024-01-03,JC038,Essex Light Rail,12,5.501388888888889,4.316666666666666,11,1,0.9166666666666666,0.08333333333333333,11,1,0.09090909090909091,12.0
2024-01-03,JC051,Union St,2,13.308333333333334,12.05,2,0,1.0,0.0,3,-1,-0.3333333333333333,2.6666666666666665
2024-01-03,JC052,Liberty Light Rail,24,8.241666666666669,6.15,23,1,0.9583333333333334,0.041666666666666664,30,-6,-0.2,22.666666666666668
2024-01-03,JC053,Lincoln Park,7,11.316666666666666,7.966666666666667,7,0,1.0,0.0,5,2,0.4,6.0
2024-01-03,JC055,McGinley Square,21,5.726984126984126,3.4,19,2,0.9047619047619048,0.09523809523809523,21,0,0.0,18.0
2024-01-03,JC057,Riverview Park,14,9.728571428571428,9.083333333333334,12,2,0.8571428571428571,0.14285714285714285,11,3,0.2727272727272727,9.666666666666666
2024-01-03,JC059,Heights Elevator,3,7.827777777777778,7.3,3,0,1.0,0.0,4,-1,-0.25,3.0
2024-01-03,JC063,Jackson Square,5,16.7,15.783333333333333,5,0,1.0,0.0,8,-3,-0.375,6.0
2024-01-03,JC065,Dey St,6,3.8194444444444446,3.85,6,0,1.0,0.0,6,0,0.0,4.666666666666667
2024-01-03,JC066,Newport PATH,55,7.557878787878788,6.916666666666667,54,1,0.9818181818181818,0.01818181818181818,54,1,0.018518518518518517,44.0
2024-01-03,JC072,Morris Canal,26,6.226282051282051,3.6,21,5,0.8076923076923077,0.19230769230769232,22,4,0.18181818181818182,20.333333333333332
2024-01-03,JC074,Jersey & 3rd,27,5.968518518518518,4.683333333333334,24,3,0.8888888888888888,0.1111111111111111,21,6,0.2857142857142857,19.666666666666668
2024-01-03,JC075,Monmouth and 6th,18,6.833333333333332,4.733333333333333,17,1,0.9444444444444444,0.05555555555555555,11,7,0.6363636363636364,11.666666666666666
2024-01-03,JC076,Dixon Mills,15,7.444444444444444,5.333333333333333,12,3,0.8,0.2,13,2,0.15384615384615385,13.666666666666666
2024-01-03,JC077,Astor Place,7,18.223809523809525,8.75,5,2,0.7142857142857143,0.2857142857142857,9,-2,-0.2222222222222222,6.666666666666667
2024-01-03,JC078,Lafayette Park,22,7.247727272727272,6.966666666666667,18,4,0.8181818181818182,0.18181818181818182,22,0,0.0,18.0
2024-01-03,JC080,Leonard Gordon Park,6,8.549999999999999,5.733333333333333,5,1,0.8333333333333334,0.16666666666666666,12,-6,-0.5,8.0
2024-01-03,JC081,Brunswick & 6th,23,7.560869565217389,6.1,22,1,0.9565217391304348,0.043478260869565216,17,6,0.35294117647058826,15.333333333333334
2024-01-03,JC082,Manila & 1st,34,5.140196078431373,3.066666666666667,33,1,0.9705882352941176,0.029411764705882353,28,6,0.21428571428571427,26.0
2024-01-03,JC084,Communipaw & Berry Lane,13,7.6923076923076925,6.75,13,0,1.0,0.0,10,3,0.3,9.0
2024-01-03,JC093,Fairmount Ave,17,7.209803921568628,4.35,14,3,0.8235294117647058,0.17647058823529413,15,2,0.13333333333333333,16.666666666666668
2024-01-03,JC094,Glenwood Ave,12,7.941666666666666,4.1,9,3,0.75,0.25,10,2,0.2,8.666666666666666
2024-01-03,JC095,Bergen Ave,20,9.199166666666667,6.05,17,3,0.85,0.15,15,5,0.3333333333333333,14.0
2024-01-03,JC097,York St & Marin Blvd,9,5.833333333333332,4.533333333333333,5,4,0.5555555555555556,0.4444444444444444,7,2,0.2857142857142857,8.0
2024-01-03,JC098,Washington St,16,6.198958333333333,5.4,16,0,1.0,0.0,15,1,0.06666666666666667,18.333333333333332
2024-01-03,JC099,Montgomery St,18,9.087962962962965,5.566666666666666,17,1,0.9444444444444444,0.05555555555555555,15,3,0.2,16.0
2024-01-03,JC102,Grand St,29,8.731609195402301,4.95,27,2,0.9310344827586207,0.06896551724137931,24,5,0.20833333333333334,23.333333333333332
2024-01-03,JC103,Journal Square,18,7.272222222222221,5.583333333333333,17,1,0.9444444444444444,0.05555555555555555,21,-3,-0.14285714285714285,18.0
2024-01-03,JC104,Harborside,32,8.212500000000002,4.983333333333333,30,2,0.9375,0.0625,5,27,5.4,21.0
2024-01-03,JC105,Hoboken Ave at Monmouth St,22,7.13939393939394,6.35,18,4,0.8181818181818182,0.18181818181818182,27,-5,-0.18518518518518517,27.0
2024-01-03,JC109,Bergen Ave & Sip Ave,54,8.136728395061732,5.966666666666667,49,5,0.9074074074074074,0.09259259259259259,47,7,0.14893617021276595,45.333333333333336
2024-01-03,JC110,JC Medical Center,20,6.768333333333333,3.8833333333333333,18,2,0.9,0.1,25,-5,-0.2,20.666666666666668
2024-01-03,JC115,Grove St PATH,85,6.304117647058822,5.366666666666666,80,5,0.9411764705882353,0.058823529411764705,99,-14,-0.1414141414141414,89.33333333333333
2024-01-03,JC116,Exchange Pl,35,7.491904761904763,5.95,34,1,0.9714285714285714,0.02857142857142857,34,1,0.029411764705882353,37.0
2024-01-04,5235.05,S 3 St & Bedford Ave,1,8.383333333333333,8.383333333333333,0,1,0.0,1.0,,,,1.0
2024-01-04,5470.10,Greenwich St & Hubert St,1,19.666666666666668,19.666666666666668,1,0,1.0,0.0,,,,1.0
2024-01-04,HB101,Hoboken Terminal - Hudson St & Hudson Pl,46,6.678260869565216,4.866666666666666,38,8,0.8260869565217391,0.17391304347826086,56,-10,-0.17857142857142858,47.5
2024-01-04,HB102,Hoboken Terminal - River St & Hudson Pl,122,5.633879781420767,5.1,100,22,0.819672131147541,0.18032786885245902,96,26,0.2708333333333333,98.25
2024-01-04,HB103,South Waterfront Walkway - Sinatra Dr & 1 St,44,8.620454545454546,6.666666666666667,29,15,0.6590909090909091,0.3409090909090909,37,7,0.1891891891891892,37.5
2024-01-04,HB105,City Hall - Washington St & 1 St,50,5.467000000000001,4.183333333333334,40,10,0.8,0.2,45,5,0.1111111111111111,45.5
2024-01-04,HB201,12 St & Sinatra Dr N,34,5.994117647058822,6.05,25,9,0.7352941176470589,0.2647058823529412,26,8,0.3076923076923077,27.75
2024-01-04,HB202,14 St Ferry - 14 St & Shipyard Ln,21,9.160317460317462,5.5,17,4,0.8095238095238095,0.19047619047619047,24,-3,-0.125,24.5
2024-01-04,HB203,Bloomfield St & 15 St,19,11.614035087719298,8.4,14,5,0.7368421052631579,0.2631578947368421,21,-2,-0.09523809523809523,22.0
2024-01-04,HB301,4 St & Grand St,33,5.121212121212121,4.783333333333333,27,6,0.8181818181818182,0.18181818181818182,27,6,0.2222222222222222,22.25
2024-01-04,HB302,6 St & Grand St,27,4.780246913580247,3.7,22,5,0.8148148148148148,0.18518518518518517,34,-7,-0.20588235294117646,22.25
2024-01-04,HB303,Clinton St & 7 St,30,4.860555555555556,4.8,26,4,0.8666666666666667,0.13333333333333333,33,-3,-0.09090909090909091,27.5
2024-01-04,HB304,7 St & Monroe St,31,5.621505376344086,5.033333333333333,27,4,0.8709677419354839,0.12903225806451613,26,5,0.19230769230769232,22.25
2024-01-04,HB305,9 St HBLR - Jackson St & 8 St,28,6.506547619047619,5.166666666666667,25,3,0.8928571428571429,0.10714285714285714,32,-4,-0.125,26.25
2024-01-04,HB401,Southwest Park - Jackson St & Observer Hwy,20,5.535833333333333,4.5,18,2,0.9,0.1,17,3,0.17647058823529413,15.5
2024-01-04,HB402,Madison St & 1 St,26,4.596153846153846,3.7666666666666666,23,3,0.8846153846153846,0.11538461538461539,33,-7,-0.21212121212121213,28.5
2024-01-04,HB404,Mama Johnson Field - 4 St & Jackson St,18,11.795370370370371,5.083333333333333,12,6,0.6666666666666666,0.3333333333333333,7,11,1.5714285714285714,14.0
2024-01-04,HB407,Adams St & 2 St,28,6.0458333333333325,3.95,20,8,0.7142857142857143,0.2857142857142857,17,11,0.6470588235294118,21.25
2024-01-04,HB408,Marshall St & 2 St,32,7.3968750000000005,4.833333333333333,24,8,0.75,0.25,37,-5,-0.13513513513513514,28.25
2024-01-04,HB409,Clinton St & Newark St,26,5.461538461538462,4.016666666666667,23,3,0.8846153846153846,0.11538461538461539,29,-3,-0.10344827586206896,27.5
2024-01-04,HB501,Columbus Park - Clinton St & 9 St,44,6.871969696969694,5.266666666666667,33,11,0.75,0.25,37,7,0.1891891891891892,33.75
2024-01-04,HB502,11 St & Washington St,31,6.171505376344084,5.35,20,11,0.6451612903225806,0.3548387096774194,44,-13,-0.29545454545454547,36.75
2024-01-04,HB503,Madison St & 10 St,24,4.835416666666666,3.9833333333333334,18,6,0.75,0.25,19,5,0.2631578947368421,20.0
2024-01-04,HB505,Willow Ave & 12 St,22,7.176515151515153,5.366666666666666,19,3,0.8636363636363636,0.13636363636363635,20,2,0.1,18.75
2024-01-04,HB506,Grand St & 14 St,34,8.261764705882355,5.65,27,7,0.7941176470588235,0.20588235294117646,21,13,0.6190476190476191,27.5
2024-01-04,HB601,Church Sq Park - 5 St & Park Ave,27,5.572222222222223,4.333333333333333,24,3,0.8888888888888888,0.1111111111111111,27,0,0.0,20.0
2024-01-04,HB602,Stevens - River Ter & 6 St,12,3.851388888888889,2.85,10,2,0.8333333333333334,0.16666666666666666,21,-9,-0.42857142857142855,14.75
2024-01-04,HB603,8 St & Washington St,37,5.81081081081081,4.066666666666666,32,5,0.8648648648648649,0.13513513513513514,31,6,0.1935483870967742,28.5
2024-01-04,HB608,2 St & Park Ave,19,6.592105263157895,5.933333333333334,14,5,0.7368421052631579,0.2631578947368421,14,5,0.35714285714285715,18.75
2024-01-04,HB609,River St & 1 St,49,6.202040816326527,4.9,47,2,0.9591836734693877,0.04081632653061224,47,2,0.0425531914893617,43.75
2024-01-04,HB610,Adams St & 12 St,5,5.573333333333332,4.883333333333334,5,0,1.0,0.0,10,-5,-0.5,8.25
2024-01-04,HB611,4 St & River St,23,6.619565217391305,6.15,14,9,0.6086956521739131,0.391304347826087,28,-5,-0.17857142857142858,26.5
2024-01-04,JC002,Paulus Hook,27,7.125308641975308,6.05,24,3,0.8888888888888888,0.1111111111111111,18,9,0.5,19.0
2024-01-04,JC003,City Hall,28,6.368452380952382,5.316666666666666,28,0,1.0,0.0,25,3,0.12,26.75
2024-01-04,JC006,Warren St,32,5.241145833333333,4.883333333333334,31,1,0.96875,0.03125,33,-1,-0.030303030303030304,28.75
2024-01-04,JC008,Newport Pkwy,29,9.23103448275862,7.466666666666667,24,5,0.8275862068965517,0.1724137931034483,50,-21,-0.42,38.25
2024-01-04,JC009,Hamilton Park,45,5.69,5.366666666666666,38,7,0.8444444444444444,0.15555555555555556,45,0,0.0,36.75
2024-01-04,JC013,Marin Light Rail,32,4.419791666666667,3.35,28,4,0.875,0.125,37,-5,-0.13513513513513514,28.75
2024-01-04,JC014,Columbus Drive,28,7.305357142857145,5.466666666666667,27,1,0.9642857142857143,0.03571428571428571,34,-6,-0.17647058823529413,30.0
2024-01-04,JC018,5 Corners Library,9,7.087037037037038,6.066666666666666,9,0,1.0,0.0,4,5,1.25,7.75
2024-01-04,JC019,Hilltop,8,10.304166666666667,5.583333333333333,7,1,0.875,0.125,12,-4,-0.3333333333333333,7.75
2024-01-04,JC020,Baldwin at Montgomery,10,6.6066666666666665,7.533333333333333,9,1,0.9,0.1,14,-4,-0.2857142857142857,13.5
2024-01-04,JC022,Oakland Ave,10,6.388333333333334,3.933333333333333,7,3,0.7,0.3,17,-7,-0.4117647058823529,13.25
2024-01-04,JC023,Brunswick St,33,5.814646464646463,4.966666666666667,30,3,0.9090909090909091,0.09090909090909091,30,3,0.1,17.25
2024-01-04,JC024,Pershing Field,11,13.334848484848488,7.833333333333333,9,2,0.8181818181818182,0.18181818181818182,6,5,0.8333333333333334,8.75
2024-01-04,JC027,Jersey & 6th St,16,6.496875,4.533333333333333,16,0,1.0,0.0,9,7,0.7777777777777778,12.75
2024-01-04,JC032,Newark Ave,20,5.951666666666666,5.55,18,2,0.9,0.1,29,-9,-0.3103448275862069,24.25
2024-01-04,JC034,Christ Hospital,16,7.049999999999999,6.0,14,2,0.875,0.125,12,4,0.3333333333333333,10.5
2024-01-04,JC035,Van Vorst Park,20,6.7575,4.933333333333334,18,2,0.9,0.1,23,-3,-0.13043478260869565,21.5
2024-01-04,JC038,Essex Light Rail,8,6.352083333333334,4.766666666666667,8,0,1.0,0.0,12,-4,-0.3333333333333333,11.0
2024-01-04,JC051,Union St,1,11.583333333333334,11.583333333333334,0,1,0.0,1.0,2,-1,-0.5,2.25
2024-01-04,JC052,Liberty Light Rail,17,10.40686274509804,6.45,16,1,0.9411764705882353,0.058823529411764705,24,-7,-0.2916666666666667,21.25
2024-01-04,JC053,Lincoln Park,4,8.608333333333334,5.966666666666667,4,0,1.0,0.0,7,-3,-0.42857142857142855,5.5
2024-01-04,JC055,McGinley Square,25,5.791333333333333,4.683333333333334,23,2,0.92,0.08,21,4,0.19047619047619047,19.75
2024-01-04,JC057,Riverview Park,10,8.918333333333333,8.633333333333333,8,2,0.8,0.2,14,-4,-0.2857142857142857,9.75
2024-01-04,JC059,Heights Elevator,5,6.486666666666666,6.066666666666666,5,0,1.0,0.0,3,2,0.6666666666666666,3.5
2024-01-04,JC063,Jackson Square,4,13.170833333333334,14.616666666666667,4,0,1.0,0.0,5,-1,-0.2,5.5
2024-01-04,JC065,Dey St,5,6.74,4.583333333333333,5,0,1.0,0.0,6,-1,-0.16666666666666666,4.75
2024-01-04,JC066,Newport PATH,54,7.573765432098766,6.8,49,5,0.9074074074074074,0.09259259259259259,55,-1,-0.01818181818181818,46.5
2024-01-04,JC072,Morris Canal,20,4.8,3.7333333333333334,19,1,0.95,0.05,26,-6,-0.23076923076923078,20.25
2024-01-04,JC074,Jersey & 3rd,11,5.119696969696969,3.35,11,0,1.0,0.0,27,-16,-0.5925925925925926,17.5
2024-01-04,JC075,Monmouth and 6th,18,5.97037037037037,3.5833333333333335,18,0,1.0,0.0,18,0,0.0,13.25
2024-01-04,JC076,Dixon Mills,11,5.131818181818182,4.466666666666667,9,2,0.8181818181818182,0.18181818181818182,15,-4,-0.26666666666666666,13.0
2024-01-04,JC077,Astor Place,11,9.784848484848485,8.083333333333334,11,0,1.0,0.0,7,4,0.5714285714285714,7.75
2024-01-04,JC078,Lafayette Park,20,7.6208333333333345,7.25,17,3,0.85,0.15,22,-2,-0.09090909090909091,18.5
2024-01-04,JC080,Leonard Gordon Park,10,13.396666666666667,8.2,9,1,0.9,0.1,6,4,0.6666666666666666,8.5
2024-01-04,JC081,Brunswick & 6th,23,6.836956521739132,5.316666666666666,20,3,0.8695652173913043,0.13043478260869565,23,0,0.0,17.25
2024-01-04,JC082,Manila & 1st,26,5.825000000000001,3.8666666666666667,23,3,0.8846153846153846,0.11538461538461539,34,-8,-0.23529411764705882,26.0
2024-01-04,JC084,Communipaw & Berry Lane,12,9.223611111111111,6.65,11,1,0.9166666666666666,0.08333333333333333,13,-1,-0.07692307692307693,9.75
2024-01-04,JC093,Fairmount Ave,24,6.484722222222222,4.05,20,4,0.8333333333333334,0.16666666666666666,17,7,0.4117647058823529,18.5
2024-01-04,JC094,Glenwood Ave,7,9.604761904761904,7.716666666666667,6,1,0.8571428571428571,0.14285714285714285,12,-5,-0.4166666666666667,8.25
2024-01-04,JC095,Bergen Ave,21,10.054761904761905,7.0,17,4,0.8095238095238095,0.19047619047619047,20,1,0.05,15.75
2024-01-04,JC097,York St & Marin Blvd,9,12.653703703703703,10.1,5,4,0.5555555555555556,0.4444444444444444,9,0,0.0,8.333333333333334
2024-01-04,JC098,Washington St,30,6.16611111111111,5.333333333333333,27,3,0.9,0.1,16,14,0.875,21.25
2024-01-04,JC099,Montgomery St,12,8.838888888888889,8.3,10,2,0.8333333333333334,0.16666666666666666,18,-6,-0.3333333333333333,15.0
2024-01-04,JC102,Grand St,30,4.540555555555555,4.566666666666666,29,1,0.9666666666666667,0.03333333333333333,29,1,0.034482758620689655,25.0
2024-01-04,JC103,Journal Square,19,6.108771929824562,5.366666666666666,16,3,0.8421052631578947,0.15789473684210525,18,1,0.05555555555555555,18.25
2024-01-04,JC104,Harborside,22,8.866666666666665,6.033333333333333,20,2,0.9090909090909091,0.09090909090909091,32,-10,-0.3125,21.25
2024-01-04,JC105,Hoboken Ave at Monmouth St,29,7.904022988505746,6.4,20,9,0.6896551724137931,0.3103448275862069,22,7,0.3181818181818182,27.5
2024-01-04,JC107,Grant Ave & MLK Dr,1,67.96666666666667,67.96666666666667,1,0,1.0,0.0,,,,1.0
2024-01-04,JC108,Bergen Ave & Stegman St,2,8.358333333333334,4.433333333333334,2,0,1.0,0.0,1,1,1.0,1.5
2024-01-04,JC109,Bergen Ave & Sip Ave,48,7.945138888888891,5.783333333333333,45,3,0.9375,0.0625,54,-6,-0.1111111111111111,46.0
2024-01-04,JC110,JC Medical Center,20,5.855,4.0,19,1,0.95,0.05,20,0,0.0,20.5
2024-01-04,JC115,Grove St PATH,106,5.7753144654088056,4.716666666666667,93,13,0.8773584905660378,0.12264150943396226,85,21,0.24705882352941178,93.5
2024-01-04,JC116,Exchange Pl,39,6.48034188034188,4.6,36,3,0.9230769230769231,0.07692307692307693,35,4,0.11428571428571428,37.5
2024-01-05,HB101,Hoboken Terminal - Hudson St & Hudson Pl,58,5.889655172413793,5.0,49,9,0.8448275862068966,0.15517241379310345,46,12,0.2608695652173913,49.6
2024-01-05,HB102,Hoboken Terminal - River St & Hudson Pl,103,7.038834951456311,5.133333333333334,92,11,0.8932038834951457,0.10679611650485436,122,-19,-0.1557377049180328,99.2
2024-01-05,HB103,South Waterfront Walkway - Sinatra Dr & 1 St,34,6.480882352941177,6.45,20,14,0.5882352941176471,0.4117647058823529,44,-10,-0.22727272727272727,36.8
2024-01-05,HB105,City Hall - Washington St & 1 St,36,7.37824074074074,5.65,29,7,0.8055555555555556,0.19444444444444445,50,-14,-0.28,43.6
2024-01-05,HB201,12 St & Sinatra Dr N,20,5.711666666666667,5.35,13,7,0.65,0.35,34,-14,-0.4117647058823529,26.2
2024-01-05,HB202,14 St Ferry - 14 St & Shipyard Ln,32,8.266666666666666,6.35,25,7,0.78125,0.21875,21,11,0.5238095238095238,26.0
2024-01-05,HB203,Bloomfield St & 15 St,24,6.630555555555554,5.783333333333333,18,6,0.75,0.25,19,5,0.2631578947368421,22.4
2024-01-05,HB301,4 St & Grand St,28,6.4797619047619035,4.933333333333334,20,8,0.7142857142857143,0.2857142857142857,33,-5,-0.15151515151515152,23.4
2024-01-05,HB302,6 St & Grand St,21,4.675396825396825,4.116666666666666,18,3,0.8571428571428571,0.14285714285714285,27,-6,-0.2222222222222222,22.0
2024-01-05,HB303,Clinton St & 7 St,34,4.177941176470587,3.816666666666667,28,6,0.8235294117647058,0.17647058823529413,30,4,0.13333333333333333,28.8
2024-01-05,HB304,7 St & Monroe St,24,6.045138888888887,5.233333333333333,18,6,0.75,0.25,31,-7,-0.22580645161290322,22.6
2024-01-05,HB305,9 St HBLR - Jackson St & 8 St,22,7.215909090909091,5.683333333333334,16,6,0.7272727272727273,0.2727272727272727,28,-6,-0.21428571428571427,25.4
2024-01-05,HB401,Southwest Park - Jackson St & Observer Hwy,21,5.6460317460317455,4.55,18,3,0.8571428571428571,0.14285714285714285,20,1,0.05,16.6
2024-01-05,HB402,Madison St & 1 St,31,4.046236559139785,3.75,22,9,0.7096774193548387,0.2903225806451613,26,5,0.19230769230769232,29.0
2024-01-05,HB404,Mama Johnson Field - 4 St & Jackson St,19,6.074561403508771,5.8,14,5,0.7368421052631579,0.2631578947368421,18,1,0.05555555555555555,15.0
2024-01-05,HB407,Adams St & 2 St,28,5.186904761904761,4.816666666666666,23,5,0.8214285714285714,0.17857142857142858,28,0,0.0,22.6
2024-01-05,HB408,Marshall St & 2 St,19,6.612280701754387,4.716666666666667,16,3,0.8421052631578947,0.15789473684210525,32,-13,-0.40625,26.4
2024-01-05,HB409,Clinton St & Newark St,18,5.381481481481481,4.733333333333333,15,3,0.8333333333333334,0.16666666666666666,26,-8,-0.3076923076923077,25.6
2024-01-05,HB501,Columbus Park - Clinton St & 9 St,45,5.808148148148148,5.116666666666666,34,11,0.7555555555555555,0.24444444444444444,44,1,0.022727272727272728,36.0
2024-01-05,HB502,11 St & Washington St,41,6.728861788617886,5.216666666666667,28,13,0.6829268292682927,0.3170731707317073,31,10,0.3225806451612903,37.6
2024-01-05,HB503,Madison St & 10 St,22,7.469696969696969,5.866666666666666,20,2,0.9090909090909091,0.09090909090909091,24,-2,-0.08333333333333333,20.4
2024-01-05,HB505,Willow Ave & 12 St,14,4.923809523809523,3.8,14,0,1.0,0.0,22,-8,-0.36363636363636365,17.8
2024-01-05,HB506,Grand St & 14 St,30,9.625,6.966666666666667,23,7,0.7666666666666667,0.23333333333333334,34,-4,-0.11764705882352941,28.0
2024-01-05,HB601,Church Sq Park - 5 St & Park Ave,33,5.628787878787879,4.816666666666666,19,14,0.5757575757575758,0.42424242424242425,27,6,0.2222222222222222,22.6
2024-01-05,HB602,Stevens - River Ter & 6 St,9,6.194444444444445,3.033333333333333,8,1,0.8888888888888888,0.1111111111111111,12,-3,-0.25,13.6
2024-01-05,HB603,8 St & Washington St,40,4.7666666666666675,3.6333333333333333,35,5,0.875,0.125,37,3,0.08108108108108109,30.8
2024-01-05,HB608,2 St & Park Ave,15,5.005555555555556,3.75,12,3,0.8,0.2,19,-4,-0.21052631578947367,18.0
2024-01-05,HB609,River St & 1 St,40,6.027083333333334,5.7,33,7,0.825,0.175,49,-9,-0.1836734693877551,43.0
2024-01-05,HB610,Adams St & 12 St,14,7.113095238095239,4.85,10,4,0.7142857142857143,0.2857142857142857,5,9,1.8,9.4
2024-01-05,HB611,4 St & River St,18,4.075,2.4833333333333334,9,9,0.5,0.5,23,-5,-0.21739130434782608,24.8
2024-01-05,JC002,Paulus Hook,11,21.651515151515152,12.966666666666667,11,0,1.0,0.0,27,-16,-0.5925925925925926,17.4
2024-01-05,JC003,City Hall,22,5.446212121212121,4.383333333333334,20,2,0.9090909090909091,0.09090909090909091,28,-6,-0.21428571428571427,25.8
2024-01-05,JC006,Warren St,20,6.612499999999999,3.683333333333333,20,0,1.0,0.0,32,-12,-0.375,27.0
2024-01-05,JC008,Newport Pkwy,35,11.531904761904762,7.5,29,6,0.8285714285714286,0.17142857142857143,29,6,0.20689655172413793,37.6
2024-01-05,JC009,Hamilton Park,40,6.579583333333334,4.95,34,6,0.85,0.15,45,-5,-0.1111111111111111,37.4
2024-01-05,JC013,Marin Light Rail,36,6.173148148148148,3.8,30,6,0.8333333333333334,0.16666666666666666,32,4,0.125,30.2
2024-01-05,JC014,Columbus Drive,23,8.252173913043478,8.183333333333334,21,2,0.9130434782608695,0.08695652173913043,28,-5,-0.17857142857142858,28.6
2024-01-05,JC018,5 Corners Library,4,7.404166666666667,5.9,4,0,1.0,0.0,9,-5,-0.5555555555555556,7.0
2024-01-05,JC019,Hilltop,17,12.837254901960781,8.15,12,5,0.7058823529411765,0.29411764705882354,8,9,1.125,9.6
2024-01-05,JC020,Baldwin at Montgomery,18,6.222222222222222,5.1,16,2,0.8888888888888888,0.1111111111111111,10,8,0.8,14.4
2024-01-05,JC022,Oakland Ave,9,7.479629629629629,6.7,8,1,0.8888888888888888,0.1111111111111111,10,-1,-0.1,12.4
2024-01-05,JC023,Brunswick St,18,5.809259259259259,4.516666666666667,17,1,0.9444444444444444,0.05555555555555555,33,-15,-0.45454545454545453,17.4
2024-01-05,JC024,Pershing Field,13,11.420512820512819,7.966666666666667,12,1,0.9230769230769231,0.07692307692307693,11,2,0.18181818181818182,9.6
2024-01-05,JC027,Jersey & 6th St,16,5.390625,3.7666666666666666,15,1,0.9375,0.0625,16,0,0.0,13.4
2024-01-05,JC032,Newark Ave,26,6.921794871794872,6.0,23,3,0.8846153846153846,0.11538461538461539,20,6,0.3,24.6
2024-01-05,JC034,Christ Hospital,13,6.870512820512821,6.433333333333334,12,1,0.9230769230769231,0.07692307692307693,16,-3,-0.1875,11.0
2024-01-05,JC035,Van Vorst Park,16,6.273958333333333,4.516666666666667,14,2,0.875,0.125,20,-4,-0.2,20.4
2024-01-05,JC038,Essex Light Rail,13,8.108974358974358,4.833333333333333,11,2,0.8461538461538461,0.15384615384615385,8,5,0.625,11.4
2024-01-05,JC051,Union St,2,12.183333333333334,8.7,1,1,0.5,0.5,1,1,1.0,2.2
2024-01-05,JC052,Liberty Light Rail,17,11.181372549019606,8.15,16,1,0.9411764705882353,0.058823529411764705,17,0,0.0,20.4
2024-01-05,JC053,Lincoln Park,8,9.177083333333334,6.933333333333334,8,0,1.0,0.0,4,4,1.0,6.0
2024-01-05,JC055,McGinley Square,14,7.105952380952381,4.683333333333334,12,2,0.8571428571428571,0.14285714285714285,25,-11,-0.44,18.6
2024-01-05,JC057,Riverview Park,15,8.701111111111112,8.3,11,4,0.7333333333333333,0.26666666666666666,10,5,0.5,10.8
2024-01-05,JC059,Heights Elevator,8,10.524999999999999,9.7,6,2,0.75,0.25,5,3,0.6,4.4
2024-01-05,JC063,Jackson Square,4,38.5,14.75,2,2,0.5,0.5,4,0,0.0,5.2
2024-01-05,JC065,Dey St,7,4.278571428571429,3.1666666666666665,6,1,0.8571428571428571,0.14285714285714285,5,2,0.4,5.2
2024-01-05,JC066,Newport PATH,50,8.286666666666667,6.683333333333334,45,5,0.9,0.1,54,-4,-0.07407407407407407,47.2
2024-01-05,JC072,Morris Canal,22,4.277272727272727,3.066666666666667,20,2,0.9090909090909091,0.09090909090909091,20,2,0.1,20.6
2024-01-05,JC074,Jersey & 3rd,17,7.991176470588235,5.183333333333334,16,1,0.9411764705882353,0.058823529411764705,11,6,0.5454545454545454,17.4
2024-01-05,JC075,Monmouth and 6th,11,4.510606060606061,3.6333333333333333,11,0,1.0,0.0,18,-7,-0.3888888888888889,12.8
2024-01-05,JC076,Dixon Mills,15,5.047777777777778,4.416666666666667,15,0,1.0,0.0,11,4,0.36363636363636365,13.4
2024-01-05,JC077,Astor Place,7,8.804761904761905,8.9,5,2,0.7142857142857143,0.2857142857142857,11,-4,-0.36363636363636365,7.6
2024-01-05,JC078,Lafayette Park,20,8.020833333333334,7.216666666666667,18,2,0.9,0.1,20,0,0.0,18.8
2024-01-05,JC080,Leonard Gordon Park,13,12.869230769230768,10.366666666666667,13,0,1.0,0.0,10,3,0.3,9.4
2024-01-05,JC081,Brunswick & 6th,28,7.510119047619049,5.866666666666666,26,2,0.9285714285714286,0.07142857142857142,23,5,0.21739130434782608,19.4
2024-01-05,JC082,Manila & 1st,21,12.720634920634918,6.15,18,3,0.8571428571428571,0.14285714285714285,26,-5,-0.19230769230769232,25.0
2024-01-05,JC084,Communipaw & Berry Lane,4,8.708333333333334,7.0,4,0,1.0,0.0,12,-8,-0.6666666666666666,8.6
2024-01-05,JC093,Fairmount Ave,17,7.82843137254902,4.133333333333334,13,4,0.7647058823529411,0.23529411764705882,24,-7,-0.2916666666666667,18.2
2024-01-05,JC094,Glenwood Ave,7,6.707142857142857,5.5,4,3,0.5714285714285714,0.42857142857142855,7,0,0.0,8.0
2024-01-05,JC095,Bergen Ave,13,7.211538461538462,5.233333333333333,10,3,0.7692307692307693,0.23076923076923078,21,-8,-0.38095238095238093,15.2
2024-01-05,JC097,York St & Marin Blvd,6,7.280555555555555,4.7,3,3,0.5,0.5,9,-3,-0.3333333333333333,7.75
2024-01-05,JC098,Washington St,13,7.064102564102564,4.316666666666666,10,3,0.7692307692307693,0.23076923076923078,30,-17,-0.5666666666666667,19.6
2024-01-05,JC099,Montgomery St,12,10.672222222222224,8.8,12,0,1.0,0.0,12,0,0.0,14.4
2024-01-05,JC102,Grand St,34,6.036764705882354,4.7,33,1,0.9705882352941176,0.029411764705882353,30,4,0.13333333333333333,26.8
2024-01-05,JC103,Journal Square,16,8.114583333333332,6.183333333333334,15,1,0.9375,0.0625,19,-3,-0.15789473684210525,17.8
2024-01-05,JC104,Harborside,23,7.936231884057969,4.816666666666666,21,2,0.9130434782608695,0.08695652173913043,22,1,0.045454545454545456,21.6
2024-01-05,JC105,Hoboken Ave at Monmouth St,20,9.415,5.8,16,4,0.8,0.2,29,-9,-0.3103448275862069,26.0
2024-01-05,JC107,Grant Ave & MLK Dr,1,9.933333333333334,9.933333333333334,1,0,1.0,0.0,1,0,0.0,1.0
2024-01-05,JC108,Bergen Ave & Stegman St,3,19.683333333333334,13.916666666666666,1,2,0.3333333333333333,0.6666666666666666,2,1,0.5,2.0
2024-01-05,JC109,Bergen Ave & Sip Ave,47,7.612056737588652,5.216666666666667,36,11,0.7659574468085106,0.23404255319148937,48,-1,-0.020833333333333332,46.2
2024-01-05,JC110,JC Medical Center,14,12.810714285714285,5.266666666666667,13,1,0.9285714285714286,0.07142857142857142,20,-6,-0.3,19.2
2024-01-05,JC115,Grove St PATH,98,6.037244897959181,4.733333333333333,92,6,0.9387755102040817,0.061224489795918366,106,-8,-0.07547169811320754,94.4
2024-01-05,JC116,Exchange Pl,28,11.063095238095235,5.233333333333333,25,3,0.8928571428571429,0.10714285714285714,39,-11,-0.28205128205128205,35.6
2024-01-06,HB101,Hoboken Terminal - Hudson St & Hudson Pl,18,6.160185185185184,5.066666666666666,11,7,0.6111111111111112,0.3888888888888889,58,-40,-0.6896551724137931,44.333333333333336
2024-01-06,HB102,Hoboken Terminal - River St & Hudson Pl,52,7.97147435897436,6.583333333333333,36,16,0.6923076923076923,0.3076923076923077,103,-51,-0.49514563106796117,91.33333333333333
2024-01-06,HB103,South Waterfront Walkway - Sinatra Dr & 1 St,15,8.032222222222222,8.9,7,8,0.4666666666666667,0.5333333333333333,34,-19,-0.5588235294117647,33.166666666666664
2024-01-06,HB105,City Hall - Washington St & 1 St,40,5.682916666666667,5.133333333333334,25,15,0.625,0.375,36,4,0.1111111111111111,43.0
2024-01-06,HB201,12 St & Sinatra Dr N,21,6.756349206349206,5.75,12,9,0.5714285714285714,0.42857142857142855,20,1,0.05,25.333333333333332
2024-01-06,HB202,14 St Ferry - 14 St & Shipyard Ln,17,7.023529411764706,7.1,13,4,0.7647058823529411,0.23529411764705882,32,-15,-0.46875,24.5
2024-01-06,HB203,Bloomfield St & 15 St,13,9.982051282051284,7.633333333333334,7,6,0.5384615384615384,0.46153846153846156,24,-11,-0.4583333333333333,20.833333333333332
2024-01-06,HB301,4 St & Grand St,18,4.324999999999999,3.95,14,4,0.7777777777777778,0.2222222222222222,28,-10,-0.35714285714285715,22.5
2024-01-06,HB302,6 St & Grand St,9,6.77037037037037,6.166666666666667,6,3,0.6666666666666666,0.3333333333333333,21,-12,-0.5714285714285714,19.833333333333332
2024-01-06,HB303,Clinton St & 7 St,23,5.2,5.216666666666667,19,4,0.8260869565217391,0.17391304347826086,34,-11,-0.3235294117647059,27.833333333333332
2024-01-06,HB304,7 St & Monroe St,15,6.548888888888888,5.316666666666666,15,0,1.0,0.0,24,-9,-0.375,21.333333333333332
2024-01-06,HB305,9 St HBLR - Jackson St & 8 St,19,8.39298245614035,7.233333333333333,12,7,0.631578947368421,0.3684210526315789,22,-3,-0.13636363636363635,24.333333333333332
2024-01-06,HB401,Southwest Park - Jackson St & Observer Hwy,16,7.469791666666667,5.716666666666667,13,3,0.8125,0.1875,21,-5,-0.23809523809523808,16.5
2024-01-06,HB402,Madison St & 1 St,31,6.8634408602150545,4.616666666666666,24,7,0.7741935483870968,0.22580645161290322,31,0,0.0,29.333333333333332
2024-01-06,HB404,Mama Johnson Field - 4 St & Jackson St,10,6.1899999999999995,4.566666666666666,4,6,0.4,0.6,19,-9,-0.47368421052631576,14.166666666666666
2024-01-06,HB407,Adams St & 2 St,18,5.492592592592593,4.85,11,7,0.6111111111111112,0.3888888888888889,28,-10,-0.35714285714285715,21.833333333333332
2024-01-06,HB408,Marshall St & 2 St,22,5.803030303030303,5.35,16,6,0.7272727272727273,0.2727272727272727,19,3,0.15789473684210525,25.666666666666668
2024-01-06,HB409,Clinton St & Newark St,18,5.862962962962963,6.233333333333333,11,7,0.6111111111111112,0.3888888888888889,18,0,0.0,24.333333333333332
2024-01-06,HB501,Columbus Park - Clinton St & 9 St,23,5.2956521739130435,4.733333333333333,19,4,0.8260869565217391,0.17391304347826086,45,-22,-0.4888888888888889,33.833333333333336
2024-01-06,HB502,11 St & Washington St,30,6.974444444444443,4.95,20,10,0.6666666666666666,0.3333333333333333,41,-11,-0.2682926829268293,36.333333333333336
2024-01-06,HB503,Madison St & 10 St,11,6.740909090909091,4.15,11,0,1.0,0.0,22,-11,-0.5,18.833333333333332
2024-01-06,HB505,Willow Ave & 12 St,20,9.128333333333334,6.7,19,1,0.95,0.05,14,6,0.42857142857142855,18.166666666666668
2024-01-06,HB506,Grand St & 14 St,21,9.49761904761905,6.6,15,6,0.7142857142857143,0.2857142857142857,30,-9,-0.3,26.833333333333332
2024-01-06,HB601,Church Sq Park - 5 St & Park Ave,22,6.958333333333332,4.266666666666667,15,7,0.6818181818181818,0.3181818181818182,33,-11,-0.3333333333333333,22.5
2024-01-06,HB602,Stevens - River Ter & 6 St,6,6.463888888888889,5.366666666666666,5,1,0.8333333333333334,0.16666666666666666,9,-3,-0.3333333333333333,12.333333333333334
2024-01-06,HB603,8 St & Washington St,22,6.678030303030304,4.183333333333334,13,9,0.5909090909090909,0.4090909090909091,40,-18,-0.45,29.333333333333332
2024-01-06,HB608,2 St & Park Ave,14,5.654761904761904,4.533333333333333,11,3,0.7857142857142857,0.21428571428571427,15,-1,-0.06666666666666667,17.333333333333332
2024-01-06,HB609,River St & 1 St,24,9.480555555555556,7.166666666666667,19,5,0.7916666666666666,0.20833333333333334,40,-16,-0.4,39.833333333333336
2024-01-06,HB610,Adams St & 12 St,6,3.4055555555555554,3.5833333333333335,3,3,0.5,0.5,14,-8,-0.5714285714285714,8.833333333333334
2024-01-06,HB611,4 St & River St,10,11.325,7.266666666666667,6,4,0.6,0.4,18,-8,-0.4444444444444444,22.333333333333332
2024-01-06,JC002,Paulus Hook,9,28.344444444444445,11.95,5,4,0.5555555555555556,0.4444444444444444,11,-2,-0.18181818181818182,16.0
2024-01-06,JC003,City Hall,12,8.941666666666666,5.15,10,2,0.8333333333333334,0.16666666666666666,22,-10,-0.45454545454545453,23.5
2024-01-06,JC006,Warren St,30,8.815555555555555,5.116666666666666,27,3,0.9,0.1,20,10,0.5,27.5
2024-01-06,JC008,Newport Pkwy,21,11.407936507936508,9.0,14,7,0.6666666666666666,0.3333333333333333,35,-14,-0.4,34.833333333333336
2024-01-06,JC009,Hamilton Park,21,9.883333333333333,8.166666666666666,14,7,0.6666666666666666,0.3333333333333333,40,-19,-0.475,34.666666666666664
2024-01-06,JC013,Marin Light Rail,25,8.368666666666666,6.066666666666666,19,6,0.76,0.24,36,-11,-0.3055555555555556,29.333333333333332
2024-01-06,JC019,Hilltop,7,7.261904761904761,7.316666666666666,4,3,0.5714285714285714,0.42857142857142855,17,-10,-0.5882352941176471,9.166666666666666
2024-01-06,JC020,Baldwin at Montgomery,10,7.116666666666665,6.45,8,2,0.8,0.2,18,-8,-0.4444444444444444,13.666666666666666
2024-01-06,JC022,Oakland Ave,12,5.458333333333333,4.933333333333334,10,2,0.8333333333333334,0.16666666666666666,9,3,0.3333333333333333,12.333333333333334
2024-01-06,JC023,Brunswick St,12,6.669444444444444,3.683333333333333,10,2,0.8333333333333334,0.16666666666666666,18,-6,-0.3333333333333333,16.5
2024-01-06,JC024,Pershing Field,12,8.286111111111111,6.316666666666666,10,2,0.8333333333333334,0.16666666666666666,13,-1,-0.07692307692307693,10.0
2024-01-06,JC027,Jersey & 6th St,7,5.671428571428571,3.8,5,2,0.7142857142857143,0.2857142857142857,16,-9,-0.5625,12.333333333333334
2024-01-06,JC032,Newark Ave,22,6.834090909090907,4.7,19,3,0.8636363636363636,0.13636363636363635,26,-4,-0.15384615384615385,24.166666666666668
2024-01-06,JC034,Christ Hospital,9,7.194444444444445,7.483333333333333,7,2,0.7777777777777778,0.2222222222222222,13,-4,-0.3076923076923077,10.666666666666666
2024-01-06,JC035,Van Vorst Park,21,7.057142857142858,4.55,21,0,1.0,0.0,16,5,0.3125,20.5
2024-01-06,JC038,Essex Light Rail,6,17.719444444444445,10.233333333333333,5,1,0.8333333333333334,0.16666666666666666,13,-7,-0.5384615384615384,10.5
2024-01-06,JC051,Union St,2,10.016666666666666,8.233333333333333,2,0,1.0,0.0,2,0,0.0,2.1666666666666665
2024-01-06,JC052,Liberty Light Rail,17,9.72843137254902,8.216666666666667,13,4,0.7647058823529411,0.23529411764705882,17,0,0.0,19.833333333333332
2024-01-06,JC053,Lincoln Park,4,8.5375,6.15,4,0,1.0,0.0,8,-4,-0.5,5.666666666666667
2024-01-06,JC055,McGinley Square,10,5.815000000000001,3.216666666666667,9,1,0.9,0.1,14,-4,-0.2857142857142857,17.166666666666668
2024-01-06,JC057,Riverview Park,9,8.455555555555556,8.916666666666666,7,2,0.7777777777777778,0.2222222222222222,15,-6,-0.4,10.5
2024-01-06,JC059,Heights Elevator,7,11.635714285714286,10.833333333333334,7,0,1.0,0.0,8,-1,-0.125,4.833333333333333
2024-01-06,JC065,Dey St,3,4.566666666666667,4.466666666666667,2,1,0.6666666666666666,0.3333333333333333,7,-4,-0.5714285714285714,4.833333333333333
2024-01-06,JC066,Newport PATH,34,9.240196078431373,8.466666666666667,24,10,0.7058823529411765,0.29411764705882354,50,-16,-0.32,45.0
2024-01-06,JC072,Morris Canal,11,8.08939393939394,4.6,11,0,1.0,0.0,22,-11,-0.5,19.0
2024-01-06,JC074,Jersey & 3rd,11,4.896969696969697,3.4,10,1,0.9090909090909091,0.09090909090909091,17,-6,-0.35294117647058826,16.333333333333332
2024-01-06,JC075,Monmouth and 6th,7,9.178571428571429,8.5,7,0,1.0,0.0,11,-4,-0.36363636363636365,11.833333333333334
2024-01-06,JC076,Dixon Mills,12,5.711111111111111,5.716666666666667,12,0,1.0,0.0,15,-3,-0.2,13.166666666666666
2024-01-06,JC077,Astor Place,7,13.254761904761903,13.516666666666667,6,1,0.8571428571428571,0.14285714285714285,7,0,0.0,7.5
2024-01-06,JC078,Lafayette Park,8,8.247916666666667,6.883333333333334,8,0,1.0,0.0,20,-12,-0.6,17.0
2024-01-06,JC080,Leonard Gordon Park,3,7.127777777777777,8.3,2,1,0.6666666666666666,0.3333333333333333,13,-10,-0.7692307692307693,8.333333333333334
2024-01-06,JC081,Brunswick & 6th,19,9.537719298245612,6.866666666666666,17,2,0.8947368421052632,0.10526315789473684,28,-9,-0.32142857142857145,19.333333333333332
2024-01-06,JC082,Manila & 1st,11,6.531818181818181,5.55,11,0,1.0,0.0,21,-10,-0.47619047619047616,22.666666666666668
2024-01-06,JC084,Communipaw & Berry Lane,5,8.500000000000002,8.183333333333334,4,1,0.8,0.2,4,1,0.25,8.0
2024-01-06,JC093,Fairmount Ave,7,6.185714285714286,4.05,4,3,0.5714285714285714,0.42857142857142855,17,-10,-0.5882352941176471,16.333333333333332
2024-01-06,JC094,Glenwood Ave,4,16.483333333333334,15.016666666666667,2,2,0.5,0.5,7,-3,-0.42857142857142855,7.333333333333333
2024-01-06,JC095,Bergen Ave,7,5.509523809523809,4.966666666666667,6,1,0.8571428571428571,0.14285714285714285,13,-6,-0.46153846153846156,13.833333333333334
2024-01-06,JC097,York St & Marin Blvd,6,8.286111111111111,5.666666666666667,5,1,0.8333333333333334,0.16666666666666666,6,0,0.0,7.4
2024-01-06,JC098,Washington St,13,7.90897435897436,5.666666666666667,11,2,0.8461538461538461,0.15384615384615385,13,0,0.0,18.5
2024-01-06,JC099,Montgomery St,12,5.502777777777777,5.166666666666667,12,0,1.0,0.0,12,0,0.0,14.0
2024-01-06,JC102,Grand St,11,6.795454545454546,5.783333333333333,9,2,0.8181818181818182,0.18181818181818182,34,-23,-0.6764705882352942,24.166666666666668
2024-01-06,JC103,Journal Square,11,11.290909090909091,7.466666666666667,9,2,0.8181818181818182,0.18181818181818182,16,-5,-0.3125,16.666666666666668
2024-01-06,JC104,Harborside,19,8.307894736842107,8.466666666666667,15,4,0.7894736842105263,0.21052631578947367,23,-4,-0.17391304347826086,21.166666666666668
2024-01-06,JC105,Hoboken Ave at Monmouth St,19,7.500877192982455,6.25,12,7,0.631578947368421,0.3684210526315789,20,-1,-0.05,24.833333333333332
2024-01-06,JC108,Bergen Ave & Stegman St,1,14.25,14.25,0,1,0.0,1.0,3,-2,-0.6666666666666666,1.75
2024-01-06,JC109,Bergen Ave & Sip Ave,25,12.053999999999998,6.95,20,5,0.8,0.2,47,-22,-0.46808510638297873,42.666666666666664
2024-01-06,JC110,JC Medical Center,18,5.795370370370369,5.766666666666667,15,3,0.8333333333333334,0.16666666666666666,14,4,0.2857142857142857,19.0
2024-01-06,JC115,Grove St PATH,36,9.210648148148143,5.75,31,5,0.8611111111111112,0.1388888888888889,98,-62,-0.6326530612244898,84.66666666666667
2024-01-06,JC116,Exchange Pl,41,6.177642276422764,5.85,35,6,0.8536585365853658,0.14634146341463414,28,13,0.4642857142857143,36.5
2024-01-07,HB101,Hoboken Terminal - Hudson St & Hudson Pl,38,5.3833333333333355,4.816666666666666,28,10,0.7368421052631579,0.2631578947368421,18,20,1.1111111111111112,43.42857142857143
2024-01-07,HB102,Hoboken Terminal - River St & Hudson Pl,43,7.218992248062016,5.6,29,14,0.6744186046511628,0.32558139534883723,52,-9,-0.17307692307692307,84.42857142857143
2024-01-07,HB103,South Waterfront Walkway - Sinatra Dr & 1 St,12,7.656944444444444,6.316666666666666,10,2,0.8333333333333334,0.16666666666666666,15,-3,-0.2,30.142857142857142
2024-01-07,HB105,City Hall - Washington St & 1 St,26,10.846153846153847,4.4,24,2,0.9230769230769231,0.07692307692307693,40,-14,-0.35,40.57142857142857
2024-01-07,HB201,12 St & Sinatra Dr N,10,13.896666666666667,7.666666666666667,6,4,0.6,0.4,21,-11,-0.5238095238095238,23.142857142857142
2024-01-07,HB202,14 St Ferry - 14 St & Shipyard Ln,7,5.333333333333333,4.516666666666667,5,2,0.7142857142857143,0.2857142857142857,17,-10,-0.5882352941176471,22.0
2024-01-07,HB203,Bloomfield St & 15 St,6,16.13611111111111,6.366666666666666,5,1,0.8333333333333334,0.16666666666666666,13,-7,-0.5384615384615384,18.714285714285715
2024-01-07,HB301,4 St & Grand St,8,5.829166666666667,5.15,5,3,0.625,0.375,18,-10,-0.5555555555555556,20.428571428571427
2024-01-07,HB302,6 St & Grand St,13,5.597435897435897,5.3,6,7,0.46153846153846156,0.5384615384615384,9,4,0.4444444444444444,18.857142857142858
2024-01-07,HB303,Clinton St & 7 St,24,7.068749999999999,5.266666666666667,19,5,0.7916666666666666,0.20833333333333334,23,1,0.043478260869565216,27.285714285714285
